{
  "n_games_checked": 55,
  "n_with_uniform_eq": 54,
  "n_without_uniform_eq": 0,
  "flagged_games": [],
  "game_params": {
    "n_players": 3,
    "n_states": 2,
    "n_actions": 2
  },
  "payoff_grid": [
    0.0,
    0.25,
    0.5,
    0.75,
    1.0
  ],
  "transition_options": [
    [
      1.0,
      0.0
    ],
    [
      0.0,
      1.0
    ],
    [
      0.5,
      0.5
    ],
    [
      0.3333333333333333,
      0.6666666666666666
    ],
    [
      0.6666666666666666,
      0.3333333333333333
    ]
  ]
}